{
  "size": 3500,
  "amino_acids": [
    "H",
    "P",
    "N",
    "C",
    "A"
  ],
  "min_length": 20,
  "max_length": 50,
  "mean_energy": 3267.270660575953,
  "dataset_stats": {
    "energy_stats": {
      "mean": 3267.270660575953,
      "std": 2272.0277388739974,
      "min": -172.46337763259868,
      "max": 11853.34853453113
    },
    "length_stats": {
      "mean": 34.8,
      "std": 9.01021642359383,
      "min": 20,
      "max": 50
    },
    "amino_acid_distribution": {
      "H": 0.25859605911330047,
      "P": 0.25103448275862067,
      "N": 0.18019704433497538,
      "C": 0.15489326765188835,
      "A": 0.1552791461412151
    }
  }
}